"","id","name","member","reference","image"
"39","hMSEA6239","Glycine and Serine Metabolism","2-Ketobutyric acid; Betaine; Adenosine monophosphate; Ammonia; Creatine; Dimethylglycine; L-Cystathionine; Glyoxylic acid; Glycine; Guanidoacetic acid; Glyceric acid; L-Glutamic acid; L-Alanine; L-Threonine; L-Serine; Oxoglutaric acid; Ornithine; Orotidylic acid; Pyruvic acid; Pyrophosphate; Sarcosine; Phosphoserine; L-Arginine; Adenosine triphosphate; Magnesium; L-Cysteine; L-Methionine; Homocysteine; 3-Phosphoglyceric acid; NAD; S-Adenosylhomocysteine; Succinyl-CoA; Phosphohydroxypyruvic acid; 5-Aminolevulinic acid; Pyruvaldehyde; S-Adenosylmethionine; Acetyl-CoA; FAD; Zinc (II) ion; ADP; Hydroxypyruvic acid; Oxygen; Coenzyme A; Formaldehyde; Phosphate; (R)-lipoic acid; NADH; Pyridoxal 5'-phosphate; 5,10-Methylene-THF; Tetrahydrofolic acid; Carbon dioxide; Water; Aminoacetone; Hydrogen peroxide; D-Serine; L-2-Amino-3-oxobutanoic acid; Dihydrolipoate; 8-[(Aminomethyl)sulfanyl]-6-sulfanyloctanoic acid; (S)-lipoic acid","<a href=""http://www.smpdb.ca/view/SMP00004"" target=""_blank""><u>SMPDB</u></a>
<a href=http://www.genome.jp/kegg-bin/show_pathway?hsa00260 target=_new>KEGG</a>","SMP00004"
"72","hMSEA6272","Pterine Biosynthesis","Tetrahydrobiopterin; Dihydrobiopterin; Folic acid; Formic acid; NADP; NADPH; Sepiapterin; Neopterin; NAD; Dihydroneopterin triphosphate; Dihydrofolic acid; Dyspropterin; Guanosine triphosphate; 7,8-Dihydropteroic acid; NADH; Tetrahydrofolic acid; 6-Lactoyltetrahydropterin; Water; Molybdopterin; 7,8-Dihydroneopterin; 2,5-Diaminopyrimidine nucleoside triphosphate ; Formamidopyrimidine nucleoside triphosphate; 2,5-Diamino-6-(5'-triphosphoryl-3',4'-trihydroxy-2'-oxopentyl)-amino-4-oxopyrimidine; Dihydroneopterin phosphate; Tetrahydrofolyl-[Glu](2); Tetrahydrofolyl-[Glu](n); PPPi; 1-hydroxy-2-Oxopropyl tetrahydropterin; Zinc","<a href=""http://www.smpdb.ca/view/SMP00005"" target=""_blank""><u>SMPDB</u></a>
<a href=http://www.genome.jp/kegg-bin/show_pathway?hsa00790 target=_new>KEGG</a>","SMP00005"
"93","hMSEA6293","Tyrosine Metabolism","p-Hydroxyphenylacetic acid; Iodotyrosine; 3-Methoxytyramine; Tetrahydrobiopterin; Ascorbic acid; Ammonia; Acetoacetic acid; Epinephrine; Dopamine; Homovanillic acid; Homogentisic acid; Fumaric acid; L-Glutamic acid; L-Tyrosine; Methylamine; L-Dopa; L-Aspartic acid; Oxoglutaric acid; Norepinephrine; NADP; NADPH; Oxalacetic acid; Thyroxine; Liothyronine; Vanillylmandelic acid; Tyramine; 3,4-Dihydroxyphenylglycol; Calcium; Magnesium; Copper; 4-Hydroxyphenylpyruvic acid; Normetanephrine; NAD; S-Adenosylhomocysteine; Pyrocatechol; S-Adenosylmethionine; Dopaquinone; FAD; 5,6-Dihydroxyindole-2-carboxylic acid; Dehydroascorbic acid; 4-Fumarylacetoacetic acid; 3,4-Dihydroxybenzeneacetic acid; Oxygen; Guaiacol; L-Dopachrome; NADH; Vanylglycol; Pyridoxal 5'-phosphate; 3,4-Dihydroxymandelic acid; Carbon dioxide; Maleylacetoacetic acid; Water; 4a-Hydroxytetrahydrobiopterin; Hydrogen peroxide; 3,5-Diiodo-L-tyrosine; 3,4-Dihydroxyphenylacetaldehyde; 5,6-Dihydroxyindole; 3-Methoxy-4-hydroxyphenylglycolaldehyde; Metanephrine; Leucodopachrome; Melanin; Homovanillin; 3,4-Dihydroxymandelaldehyde; Indole-5,6-quinone; 2-Hydroxy-3-(4-hydroxyphenyl)propenoic acid; Topaquinone; Fe3+; Pyrroloquinoline quinone; Iron; Zinc; Hydrogen Ion; Methylammonium","<a href=""http://www.smpdb.ca/view/SMP00006"" target=""_blank""><u>SMPDB</u></a>
<a href=http://www.genome.jp/kegg-bin/show_pathway?hsa00350 target=_new>KEGG</a>","SMP00006"
"11","hMSEA6211","Beta-Alanine Metabolism","1,3-Diaminopropane; Ureidopropionic acid; Carnosine; Ammonia; Beta-Alanine; Dihydrouracil; L-Glutamic acid; L-Histidine; L-Aspartic acid; Anserine; Oxoglutaric acid; Pantothenic acid; NADP; NADPH; Uracil; Calcium; 3-Methylhistidine; Copper; NAD; 3-Aminopropionaldehyde; Acetyl-CoA; FAD; Zinc (II) ion; Oxygen; Coenzyme A; NADH; Pyridoxal 5'-phosphate; Flavin Mononucleotide; Carbon dioxide; Water; Hydrogen peroxide; Malonic semialdehyde; Topaquinone; Hydrogen Ion","<a href=""http://www.smpdb.ca/view/SMP00007"" target=""_blank""><u>SMPDB</u></a>
","SMP00007"
"63","hMSEA6263","Phenylalanine and Tyrosine Metabolism","Adenosine monophosphate; Ammonia; Acetoacetic acid; Homogentisic acid; Fumaric acid; L-Glutamic acid; L-Tyrosine; L-Phenylalanine; Phenylpyruvic acid; Oxoglutaric acid; Pyrophosphate; Calcium; Adenosine triphosphate; Magnesium; Fe2+; 4-Hydroxyphenylpyruvic acid; FAD; 4-Fumarylacetoacetic acid; Oxygen; Pyridoxal 5'-phosphate; Carbon dioxide; Maleylacetoacetic acid; Water; 4a-Hydroxytetrahydrobiopterin; Hydrogen peroxide; Fe3+; Iron; L-erythro-tetrahydrobiopterin","<a href=""http://www.smpdb.ca/view/SMP00008"" target=""_blank""><u>SMPDB</u></a>
<a href=http://www.genome.jp/kegg-bin/show_pathway?hsa00350 target=_new>KEGG</a>; <a href=http://www.genome.jp/kegg-bin/show_pathway?hsa00360 target=_new>KEGG</a>","SMP00008"
"4","hMSEA6204","Ammonia Recycling","Biotin; Adenosine monophosphate; Ammonia; Glycine; L-Glutamic acid; L-Asparagine; L-Histidine; L-Serine; L-Aspartic acid; Oxoglutaric acid; Pyruvic acid; Pyrophosphate; Urocanic acid; Adenosine triphosphate; Magnesium; L-Glutamine; NAD; Carbamoyl phosphate; FAD; ADP; Phosphate; (R)-lipoic acid; NADH; Pyridoxal 5'-phosphate; 5,10-Methylene-THF; Tetrahydrofolic acid; Carbon dioxide; Water; Phosphoric acid; Dihydrolipoate; 8-[(Aminomethyl)sulfanyl]-6-sulfanyloctanoic acid; (S)-lipoic acid","<a href=""http://www.smpdb.ca/view/SMP00009"" target=""_blank""><u>SMPDB</u></a>
<a href=http://www.genome.jp/kegg-bin/show_pathway?hsa00910 target=_new>KEGG</a>","SMP00009"
"58","hMSEA6258","Nucleotide Sugars Metabolism","D-Galactose; Pyrophosphate; Uridine triphosphate; Uridine diphosphate glucose; Uridine diphosphategalactose; Adenosine triphosphate; Magnesium; Galactose 1-phosphate; NAD; Uridine diphosphate glucuronic acid; UDP-D-Xylose; Zinc (II) ion; ADP; Glucose 6-phosphate; NADH; Glucose 1-phosphate; Carbon dioxide; Water; Alpha-D-Glucose; Iron","<a href=""http://www.smpdb.ca/view/SMP00010"" target=""_blank""><u>SMPDB</u></a>
<a href=http://www.genome.jp/kegg-bin/show_pathway?hsa00520 target=_new>KEGG</a>","SMP00010"
"43","hMSEA6243","Inositol Metabolism","D-Glucuronic acid; myo-Inositol; Myo-inositol 1-phosphate; Pyrophosphate; Calcium; Adenosine triphosphate; Magnesium; Fe2+; NAD; 1D-Myo-inositol 1,4-bisphosphate; Inositol 1,3,4,5-tetraphosphate; Inositol 1,3,4-trisphosphate; 1D-Myo-inositol 1,3,4,6-tetrakisphosphate; D-Myo-inositol 4-phosphate; Manganese; ADP; Oxygen; Glucose 6-phosphate; Phosphate; Inositol 1,4,5-trisphosphate; Water; Phosphoric acid; Myo-inositol hexakisphosphate; Inositol 1,3,4,5,6-pentakisphosphate; D-Myo-inositol 3,4,5,6-tetrakisphosphate; 1-Phosphatidyl-1D-myo-inositol 3-phosphate; Phosphatidylinositol-3,4,5-trisphosphate; 1D-Myo-inositol 1,4,5,6-tetrakisphosphate; 1D-Myo-inositol 3,4-bisphosphate; 1D-myo-Inositol 3-phosphate; 1-Phosphatidyl-D-myo-inositol; (Â±)-Glycerol 1,2-diacetate; Diphosphoinositol tetrakisphosphate","<a href=""http://www.smpdb.ca/view/SMP00011"" target=""_blank""><u>SMPDB</u></a>
<a href=http://www.genome.jp/kegg-bin/show_pathway?hsa00562 target=_new>KEGG</a>","SMP00011"
"19","hMSEA6219","Catecholamine Biosynthesis","Dihydrobiopterin; Ascorbic acid; Epinephrine; Dopamine; L-Tyrosine; L-Dopa; Norepinephrine; Copper; Fe2+; Homocysteine; Sapropterin; S-Adenosylhomocysteine; S-Adenosylmethionine; Dehydroascorbic acid; Hydrogen; Oxygen; Pyridoxal 5'-phosphate; Carbon dioxide; Water; Pyrroloquinoline quinone","<a href=""http://www.smpdb.ca/view/SMP00012"" target=""_blank""><u>SMPDB</u></a>
","SMP00012"
"21","hMSEA6221","Cysteine Metabolism","Adenosine monophosphate; Ammonia; L-Glutamic acid; Oxoglutaric acid; Sulfite; Pyruvic acid; Pyrophosphate; Adenosine triphosphate; L-Cysteine; Fe2+; NAD; 3-Sulfinoalanine; gamma-Glutamylcysteine; Zinc (II) ion; ADP; 3-Mercaptopyruvic acid; Oxygen; 3-Sulfinylpyruvic acid; Thiocyanate; NADH; Pyridoxal 5'-phosphate; Cyanide; Water; 3-Mercaptolactic acid; Phosphoric acid; Hydrogen sulfide","<a href=""http://www.smpdb.ca/view/SMP00013"" target=""_blank""><u>SMPDB</u></a>
<a href=http://www.genome.jp/kegg-bin/show_pathway?hsa00270 target=_new>KEGG</a>","SMP00013"
"36","hMSEA6236","Glutathione Metabolism","Cysteinylglycine; Glycine; Glutathione; L-Glutamic acid; L-Alanine; NADP; NADPH; Pyroglutamic acid; Adenosine triphosphate; L-Cysteine; gamma-Glutamylcysteine; FAD; Zinc (II) ion; ADP; Water; Phosphoric acid; Hydrogen peroxide; Oxidized glutathione; gamma-Glutamylalanine; Zinc; Bromomethane","<a href=""http://www.smpdb.ca/view/SMP00015"" target=""_blank""><u>SMPDB</u></a>
<a href=http://www.genome.jp/kegg-bin/show_pathway?hsa00480 target=_new>KEGG</a>","SMP00015"
"71","hMSEA6271","Propanoate Metabolism","2-Ketobutyric acid; 2-Hydroxybutyric acid; Biotin; Adenosine monophosphate; Beta-Alanine; L-Glutamic acid; Methylmalonic acid; Oxoglutaric acid; Propionic acid; Pyrophosphate; Adenosine triphosphate; Hydrogen carbonate; Hydroxypropionic acid; L-Valine; NAD; Succinyl-CoA; Malonyl-CoA; Acetyl-CoA; FAD; Propionyl-CoA; Manganese; ADP; Hydrogen; Thiamine pyrophosphate; Coenzyme A; Acetoacetyl-CoA; NADH; Pyridoxal 5'-phosphate; Carbon dioxide; Adenosylcobalamin; Water; Phosphoric acid; Malonyl-CoA semialdehyde; (S)-Methylmalonic acid semialdehyde; R-Methylmalonyl-CoA; Acrylyl-CoA; S-Methylmalonyl-CoA; Pantetheine; Propinol adenylate; 3-Hydroxypropionyl-CoA; Malonic semialdehyde; Hydrogen Ion","<a href=""http://www.smpdb.ca/view/SMP00016"" target=""_blank""><u>SMPDB</u></a>
<a href=http://www.genome.jp/kegg-bin/show_pathway?hsa00640 target=_new>KEGG</a>","SMP00016"
"97","hMSEA6297","Vitamin B6 Metabolism","4-Pyridoxic acid; Ammonia; Pyridoxine; Magnesium; FAD; Pyridoxine 5'-phosphate; Oxygen; Pyridoxamine; Pyridoxal 5'-phosphate; Flavin Mononucleotide; Pyridoxal; Pyridoxamine 5'-phosphate; Water; Phosphoric acid; Molybdopterin; Hydrogen peroxide; Glycolaldehyde; 2-Methyl-3-hydroxy-5-formylpyridine-4-carboxylate; 3-Hydroxy-2-methylpyridine-4,5-dicarboxylate; Zinc","<a href=""http://www.smpdb.ca/view/SMP00017"" target=""_blank""><u>SMPDB</u></a>
<a href=http://www.genome.jp/kegg-bin/show_pathway?hsa00750 target=_new>KEGG</a>","SMP00017"
"2","hMSEA6202","Alpha Linolenic Acid and Linoleic Acid Metabolism","Calcium; Linoleic acid; Arachidonic acid; Alpha-Linolenic acid; Docosapentaenoic acid (22n-6); Eicosapentaenoic acid; Tetracosahexaenoic acid; Cis-8,11,14,17-Eicosatetraenoic acid; Docosahexaenoic acid; Adrenic acid; 8,11,14-Eicosatrienoic acid; Gamma-Linolenic acid; Tetracosatetraenoic acid (24:4n-6); Tetracosapentaenoic acid (24:5n-6); Tetracosapentaenoic acid (24:5n-3); Docosapentaenoic acid; Stearidonic acid; PC(18:3(9Z,12Z,15Z)/18:2(9Z,12Z)); Arachidonate","<a href=""http://www.smpdb.ca/view/SMP00018"" target=""_blank""><u>SMPDB</u></a>
<a href=http://www.genome.jp/kegg-bin/show_pathway?hsa00591 target=_new>KEGG</a>; <a href=http://www.genome.jp/kegg-bin/show_pathway?hsa00592 target=_new>KEGG</a>","SMP00018"
"8","hMSEA6208","Arginine and Proline Metabolism","Tetrahydrobiopterin; Adenosine monophosphate; Ammonia; Argininosuccinic acid; Creatine; Glycine; Guanidoacetic acid; Fumaric acid; L-Glutamic acid; L-Proline; L-Aspartic acid; Oxoglutaric acid; Ornithine; NADP; NADPH; Oxalacetic acid; Pyrophosphate; Succinic acid; Urea; L-Arginine; Adenosine triphosphate; NAD; Citrulline; S-Adenosylhomocysteine; Carbamoyl phosphate; S-Adenosylmethionine; FAD; 1-Pyrroline-5-carboxylic acid; Manganese; ADP; Pyrroline hydroxycarboxylic acid; Oxygen; Phosphate; NADH; Pyridoxal 5'-phosphate; Phosphocreatine; Flavin Mononucleotide; Carbon dioxide; 4-Hydroxy-2-oxoglutaric acid; L-Glutamic gamma-semialdehyde; Water; Phosphoric acid; 1-Pyrroline-4-hydroxy-2-carboxylate; 4-Hydroxy-L-glutamic acid; Hydrogen peroxide; Heme; Nitric oxide; D-Proline; N-(o)-Hydroxyarginine; 4-Hydroxy-L-proline; L-4-Hydroxyglutamate semialdehyde; 1-Pyrroline-2-carboxylic acid; Hydrogen Ion","<a href=""http://www.smpdb.ca/view/SMP00020"" target=""_blank""><u>SMPDB</u></a>
<a href=http://www.genome.jp/kegg-bin/show_pathway?hsa00330 target=_new>KEGG</a>","SMP00020"
"86","hMSEA6286","Taurine and Hypotaurine Metabolism","Taurine; L-Cysteine; Fe2+; Hypotaurine; 3-Sulfinoalanine; Oxygen; Pyridoxal 5'-phosphate; Carbon dioxide; Cysteic acid; Cysteamine; 5-L-Glutamyl-taurine; Iron","<a href=""http://www.smpdb.ca/view/SMP00021"" target=""_blank""><u>SMPDB</u></a>
<a href=http://www.genome.jp/kegg-bin/show_pathway?hsa00430 target=_new>KEGG</a>","SMP00021"
"83","hMSEA6283","Steroid Biosynthesis","7-Dehydrocholesterol; Cholesterol; Formic acid; NADP; Palmitic acid; NADPH; Mevalonic acid; Pyrophosphate; Squalene; Adenosine triphosphate; Magnesium; Vitamin D3; Farnesyl pyrophosphate; 4,4-Dimethylcholesta-8,14,24-trienol; (S)-5-Diphosphomevalonic acid; Dimethylallylpyrophosphate; Lathosterol; (S)-2,3-Epoxysqualene; Acetyl-CoA; 4a-Methylzymosterol; FAD; Lanosterin; Presqualene diphosphate; Geranyl-PP; 4,4-Dimethyl-5a-cholesta-8,24-dien-3-b-ol; ADP; Mevalonic acid-5P; Isopentenyl pyrophosphate; 3-Hydroxy-3-methylglutaryl-CoA; Oxygen; Coenzyme A; Phosphate; Acetoacetyl-CoA; Carbon dioxide; 8-Dehydrocholesterol; Water; Desmosterol; Heme; 7-Dehydrodesmosterol; Zymosterol intermediate 2; 3-Keto-4-methylzymosterol; 24,25-Dihydrolanosterol; 4,4-Dimethyl-5a-cholesta-8-en-3b-ol; 5a-Cholest-8-en-3b-ol; 5a-Cholesta-7,24-dien-3b-ol; 4a-Methylzymosterol-4-carboxylic acid; CE(18:0); Iron","<a href=""http://www.smpdb.ca/view/SMP00023"" target=""_blank""><u>SMPDB</u></a>
","SMP00023"
"70","hMSEA6270","Porphyrin Metabolism","Ammonia; Bilirubin; Glycine; Protoporphyrin IX; Porphobilinogen; Uridine 5'-diphosphate; 4E,15Z-Bilirubin IXa; Coproporphyrin III; Coproporphyrin I; Fe2+; NAD; Uroporphyrin III; Uridine diphosphate glucuronic acid; Uroporphyrin I; Farnesyl pyrophosphate; Biliverdin; Succinyl-CoA; Uroporphyrinogen III; Protoporphyrinogen IX; Hydroxymethylbilane; 5-Aminolevulinic acid; Heme O; FAD; Coproporphyrinogen III; Carbon monoxide; Hydrogen; Oxygen; NADH; Pyridoxal 5'-phosphate; Carbon dioxide; Water; Coproporphyrinogen I; Uroporphyrinogen I; Hydrogen peroxide; Heme; Bilirubin diglucuronide; D-Urobilinogen; Heme A; Fe3+; Zinc","<a href=""http://www.smpdb.ca/view/SMP00024"" target=""_blank""><u>SMPDB</u></a>
","SMP00024"
"67","hMSEA6267","Phospholipid Biosynthesis","Choline; Glycerylphosphorylethanolamine; Glycerol 3-phosphate; Ethanolamine; Calcium; Magnesium; PC(16:0/16:0); PS(16:0/16:0); PA(16:0/16:0); Acetylcholine; NAD; FADH; FAD; Manganese; Palmityl-CoA; Citicoline; Dihydroxyacetone phosphate; NADH; Phosphorylcholine; CDP-DG(16:0/16:0); DG(16:0/16:0/0:0); LysoPA(16:0/0:0); PE(16:0/16:0); PI(16:0/16:0); LysoPC(16:0); PG(16:0/16:0); LysoPE(16:0/0:0); PGP(16:0/16:0); CL(16:0/16:0/16:0/16:0)","<a href=""http://www.smpdb.ca/view/SMP00025"" target=""_blank""><u>SMPDB</u></a>
","SMP00025"
"60","hMSEA6260","Pantothenate and CoA Biosynthesis","Adenosine monophosphate; Cytidine triphosphate; Cytidine monophosphate; Pantothenic acid; Pyrophosphate; Calcium; Adenosine triphosphate; L-Cysteine; D-4'-Phosphopantothenate; 4-Phosphopantothenoylcysteine; ADP; Dephospho-CoA; Pantetheine 4'-phosphate; Coenzyme A; Flavin Mononucleotide; Carbon dioxide; Water; Cysteamine; Pantetheine; Pantothenol; D-Pantothenoyl-L-cysteine","<a href=""http://www.smpdb.ca/view/SMP00027"" target=""_blank""><u>SMPDB</u></a>
<a href=http://www.genome.jp/kegg-bin/show_pathway?hsa00770 target=_new>KEGG</a>","SMP00027"
"16","hMSEA6216","Caffeine Metabolism","NAD; Acetyl-CoA; FAD; Oxygen; Coenzyme A; Formaldehyde; NADH; Caffeine; Paraxanthine; Theophylline; 3,7-Dimethyluric acid; 7-Methylxanthine; Water; 1,3,7-Trimethyluric acid; Molybdopterin; Theobromine; 1-Methyluric acid; Hydrogen peroxide; Heme; 5-Acetylamino-6-amino-3-methyluracil; 1-Methylxanthine; 1,7-Dimethyluric acid; 5-Acetylamino-6-formylamino-3-methyluracil; 7-Methyluric acid","<a href=""http://www.smpdb.ca/view/SMP00028"" target=""_blank""><u>SMPDB</u></a>
<a href=http://www.genome.jp/kegg-bin/show_pathway?hsa00232 target=_new>KEGG</a>","SMP00028"
"79","hMSEA6279","Selenoamino Acid Metabolism","2-Ketobutyric acid; Adenosine monophosphate; Adenosine; Ammonia; L-Alanine; L-Serine; Pyrophosphate; Adenosine triphosphate; NAD; ADP; Pyridoxal 5'-phosphate; Water; Phosphoric acid; Selenocysteine; Phosphoroselenoic acid; Selenomethionine; Adenylylselenate; Se-Methylselenocysteine; Selenohomocysteine; Selenocystine; Selenocystathionine; Selenophosphate; Gamma-Glutamyl-Se-methylselenocysteine; 3-Phosphoadenylylselenate; Hydrogen selenide; Se-Adenosylselenohomocysteine; Se-Adenosylselenomethionine; Selenite","<a href=""http://www.smpdb.ca/view/SMP00029"" target=""_blank""><u>SMPDB</u></a>
<a href=http://www.genome.jp/kegg-bin/show_pathway?hsa00450 target=_new>KEGG</a>","SMP00029"
"59","hMSEA6259","Oxidation of Branched Chain Fatty Acids","Ascorbic acid; L-Carnitine; L-Acetylcarnitine; Oxoglutaric acid; Pyrophosphate; Succinic acid; Adenosine triphosphate; Magnesium; Pristanic acid; Phytanic acid; Propionylcarnitine; Acetyl-CoA; Propionyl-CoA; 2-Hydroxyphytanoyl-CoA; ADP; Phytanoyl-CoA; Thiamine pyrophosphate; Oxygen; Coenzyme A; Pristanal; Carbon dioxide; Pristanoyl-CoA; Formyl-CoA; 4,8 Dimethylnonanoyl carnitine; 4,8-Dimethylnonanoyl-CoA; Iron","<a href=""http://www.smpdb.ca/view/SMP00030"" target=""_blank""><u>SMPDB</u></a>
","SMP00030"
"61","hMSEA6261","Pentose Phosphate Pathway","Adenosine monophosphate; Fructose 6-phosphate; Gluconolactone; NADP; NADPH; Phosphoribosyl pyrophosphate; D-Ribose; Adenosine triphosphate; Magnesium; D-Ribulose 5-phosphate; Fe2+; Xylulose 5-phosphate; Acetaldehyde; Deoxyribose 5-phosphate; Fructose 1,6-bisphosphate; D-Sedoheptulose 7-phosphate; D-Glyceraldehyde 3-phosphate; 6-Phosphogluconic acid; D-Erythrose 4-phosphate; ADP; Deoxyribose 1-phosphate; Glucose 6-phosphate; Phosphate; Dihydroxyacetone phosphate; Ribose 1-phosphate; D-Ribose 5-phosphate; Carbon dioxide; Water; Beta-D-Glucose 6-phosphate","<a href=""http://www.smpdb.ca/view/SMP00031"" target=""_blank""><u>SMPDB</u></a>
<a href=http://www.genome.jp/kegg-bin/show_pathway?hsa00030 target=_new>KEGG</a>","SMP00031"
"96","hMSEA6296","Valine, Leucine and Isoleucine Degradation","Alpha-ketoisovaleric acid; (S)-3-Hydroxyisobutyric acid; Biotin; Acetoacetic acid; L-Glutamic acid; L-Isoleucine; Methylmalonic acid; Oxoglutaric acid; Succinic acid; 3-Methyl-2-oxovaleric acid; Adenosine triphosphate; Hydrogen carbonate; L-Leucine; Ketoleucine; L-Valine; NAD; Lipoamide; Dihydrolipoamide; Methacrylyl-CoA; Succinyl-CoA; 2-Methylbutyryl-CoA; (S)-3-Hydroxyisobutyryl-CoA; 3-Methylglutaconyl-CoA; Isovaleryl-CoA; 2-Methylacetoacetyl-CoA; Acetyl-CoA; Isobutyryl-CoA; FAD; Methylmalonyl-CoA; Propionyl-CoA; ADP; 2-Methyl-3-hydroxybutyryl-CoA; Thiamine pyrophosphate; 3-Hydroxy-3-methylglutaryl-CoA; Oxygen; Coenzyme A; Phosphate; Acetoacetyl-CoA; NADH; Pyridoxal 5'-phosphate; 3-Methylcrotonyl-CoA; Pyridoxal; Carbon dioxide; Tiglyl-CoA; Adenosylcobalamin; Water; (S)-b-aminoisobutyric acid; Molybdopterin; (S)-Methylmalonic acid semialdehyde; R-Methylmalonyl-CoA; S-Methylmalonyl-CoA; Hydrogen peroxide; 3-Methyl-1-hydroxybutyl-ThPP; 2-Methyl-1-hydroxypropyl-ThPP; S-(3-Methylbutanoyl)-dihydrolipoamide-E; S-(2-Methylpropionyl)-dihydrolipoamide-E; S-(2-Methylbutanoyl)-dihydrolipoamide; 3-Hydroxyisovaleryl-CoA; Lipoyl-GMP; Hydrogen Ion","<a href=""http://www.smpdb.ca/view/SMP00032"" target=""_blank""><u>SMPDB</u></a>
<a href=http://www.genome.jp/kegg-bin/show_pathway?hsa00280 target=_new>KEGG</a>","SMP00032"
"50","hMSEA6250","Methionine Metabolism","2-Ketobutyric acid; Betaine; Adenosine monophosphate; Adenosine; Ammonia; Dimethylglycine; Choline; L-Cystathionine; Glycine; L-Serine; Pyrophosphate; Sarcosine; Adenosine triphosphate; Magnesium; L-Cysteine; Potassium; L-Methionine; L-Homoserine; Homocysteine; NAD; S-Adenosylhomocysteine; 5-Methylthioribose 1-phosphate; 10-Formyltetrahydrofolate; S-Adenosylmethioninamine; 5'-Methylthioadenosine; S-Adenosylmethionine; FAD; Spermidine; Zinc (II) ion; Oxygen; 5-Methyltetrahydrofolic acid; Putrescine; Phosphate; NADH; Pyridoxal 5'-phosphate; 5,10-Methylene-THF; 2-Oxo-4-methylthiobutanoic acid; Tetrahydrofolic acid; Carbon dioxide; Methionine sulfoxide; Water; Hydrogen peroxide; Zinc","<a href=""http://www.smpdb.ca/view/SMP00033"" target=""_blank""><u>SMPDB</u></a>
<a href=http://www.genome.jp/kegg-bin/show_pathway?hsa00270 target=_new>KEGG</a>","SMP00033"
"81","hMSEA6281","Sphingolipid Metabolism","3-O-Sulfogalactosylceramide (d18:1/24:0); Adenosine 3',5'-diphosphate; D-Glucose; Glucosylceramide; D-Galactose; L-Serine; NADP; NADPH; O-Phosphoethanolamine; Sphingosine; Sphinganine; Sphingosine 1-phosphate; Uridine diphosphate glucose; Uridine 5'-diphosphate; Calcium; Adenosine triphosphate; Magnesium; Phosphoadenosine phosphosulfate; Palmityl-CoA; ADP; SM(d18:1/18:0); Sphinganine 1-phosphate; Phosphate; Sulfate; 3-Dehydrosphinganine; Pyridoxal 5'-phosphate; Palmitaldehyde; Phosphorylcholine; Carbon dioxide; Water; Galabiosylceramide (d18:1/22:0); Lactosylceramide (d18:1/12:0); Ceramide (d18:1/18:0); Dihydroceramide; Galactosylglycerol; PC(15:0/18:2(9Z,12Z)); CerP(d18:1/12:0); Galactosylceramide (d18:1/16:0); Donepezil metabolite M4; Zinc","<a href=""http://www.smpdb.ca/view/SMP00034"" target=""_blank""><u>SMPDB</u></a>
<a href=http://www.genome.jp/kegg-bin/show_pathway?hsa00600 target=_new>KEGG</a>","SMP00034"
"13","hMSEA6213","Bile Acid Biosynthesis","Taurocholic acid; Cholesterol; Glycine; Glycocholic acid; NADP; Palmitic acid; NADPH; Pyrophosphate; Taurine; 3a,7a-Dihydroxycoprostanic acid; Chenodeoxycholic acid; Adenosine triphosphate; Cholic acid; Deoxycholic acid; Deoxycholic acid glycine conjugate; Chenodeoxycholic acid glycine conjugate; Lithocholic acid glycine conjugate; Lithocholyltaurine; Lithocholic acid; Taurodeoxycholic acid; NAD; Taurochenodesoxycholic acid; 27-Deoxy-5b-cyprinol; FAD; Propionyl-CoA; ADP; Choloyl-CoA; Oxygen; 24-Hydroxycholesterol; Coenzyme A; 5-b-Cholestane-3a ,7a ,12a-triol; NADH; 7a-Hydroxycholesterol; 7a-Hydroxy-cholestene-3-one; 27-Hydroxycholesterol; Water; 3a,7a-Dihydroxy-5b-cholestanoyl-CoA; 7a,12a-Dihydroxy-cholestene-3-one; Heme; 3a,7a,12a-Trihydroxy-5b-cholestan-26-al; 3'-AMP; 3a,7a,12a-Trihydroxy-5b-cholestanoic acid; 25-Hydroxycholesterol; 7-a,25-Dihydroxycholesterol; 7-a,27-Dihydroxycholesterol; Chenodeoxycholoyl-CoA; CE(22:2(13Z,16Z)); 7a,12a-Dihydroxy-5b-cholestan-3-one; 5b-Cyprinol sulfate; 3a,7a,12a-Trihydroxy-5b-cholest-24-enoyl-CoA; 3a,7a,12a,24-Tetrahydroxy-5b-cholestanoyl-CoA; 3a,7a,12a-Trihydroxy-5b-24-oxocholestanoyl-CoA; 7a-Hydroxy-5b-cholestan-3-one; 3a,7a-Dihydroxy-5b-cholestane; 3a,7a-Dihydroxy-5b-cholestan-26-al; 3a,7a-Dihydroxy-5b-cholest-24-enoyl-CoA; (24R)-Cholest-5-ene-3-beta,7-alpha,24-triol  ; 3 beta-Hydroxy-5-cholestenoate; 3beta,7alpha-Dihydroxy-5-cholestenoate; 3 alpha,7 alpha,26-Trihydroxy-5beta-cholestane; 3 alpha,7 alpha,24-Trihydroxy-5beta-cholestanoyl-CoA; 7 alpha,24-Dihydroxy-4-cholesten-3-one; 7alpha-Hydroxy-3-oxo-4-cholestenoate; 7 alpha,26-Dihydroxy-4-cholesten-3-one; Iron","<a href=""http://www.smpdb.ca/view/SMP00035"" target=""_blank""><u>SMPDB</u></a>
<a href=http://www.genome.jp/kegg-bin/show_pathway?hsa00120 target=_new>KEGG</a>","SMP00035"
"22","hMSEA6222","D-Arginine and D-Ornithine Metabolism","Ammonia; Urea; FAD; Oxygen; Water; Hydrogen peroxide; D-Ornithine; D-Arginine; 2-Oxoarginine; 5-Amino-2-oxopentanoic acid; 1-Pyrroline-2-carboxylic acid","<a href=""http://www.smpdb.ca/view/SMP00036"" target=""_blank""><u>SMPDB</u></a>
","SMP00036"
"48","hMSEA6248","Lysine Degradation","L-Glutamic acid; L-Lysine; Oxoglutaric acid; NADP; NADPH; Oxoadipic acid; Saccharopine; Aminoadipic acid; L-Pipecolic acid; NAD; Lipoamide; D-1-Piperideine-2-carboxylic acid; 3-Hydroxybutyryl-CoA; Acetyl-CoA; FAD; Allysine; Glutaryl-CoA; Thiamine pyrophosphate; Oxygen; Coenzyme A; Acetoacetyl-CoA; NADH; Pyridoxal 5'-phosphate; Carbon dioxide; Crotonoyl-CoA; Water; Hydrogen peroxide; D-Lysine; S-Glutaryldihydrolipoamide; (S)-2,3,4,5-Tetrahydropiperidine-2-carboxylate","<a href=""http://www.smpdb.ca/view/SMP00037"" target=""_blank""><u>SMPDB</u></a>
<a href=http://www.genome.jp/kegg-bin/show_pathway?hsa00310 target=_new>KEGG</a>","SMP00037"
"38","hMSEA6238","Glycerolipid Metabolism","Glycerol 3-phosphate; Glycerol; Glyceric acid; NADP; Palmitic acid; NADPH; Adenosine triphosphate; PA(16:0/16:0); 3-Phosphoglyceric acid; NAD; Glyceraldehyde; FAD; Palmityl-CoA; ADP; Coenzyme A; Phosphate; Dihydroxyacetone phosphate; NADH; Water; Hydroquinone; Quinone; TG(16:0/16:0/16:0); DG(16:0/16:0/0:0); LysoPA(16:0/0:0); MG(0:0/16:0/0:0)","<a href=""http://www.smpdb.ca/view/SMP00039"" target=""_blank""><u>SMPDB</u></a>
<a href=http://www.genome.jp/kegg-bin/show_pathway?hsa00561 target=_new>KEGG</a>","SMP00039"
"40","hMSEA6240","Glycolysis","D-Glucose; Fructose 6-phosphate; Pyruvic acid; Phosphoenolpyruvic acid; Beta-D-Glucose; Adenosine triphosphate; Magnesium; Potassium; 3-Phosphoglyceric acid; NAD; Fructose 1,6-bisphosphate; D-Glyceraldehyde 3-phosphate; Glyceric acid 1,3-biphosphate; 2,3-Diphosphoglyceric acid; ADP; Glucose 6-phosphate; Phosphate; Dihydroxyacetone phosphate; NADH; Glucose 1-phosphate; Water; Phosphoric acid; Alpha-D-Glucose; 2-Phospho-D-glyceric acid; Beta-D-Glucose 6-phosphate","<a href=""http://www.smpdb.ca/view/SMP00040"" target=""_blank""><u>SMPDB</u></a>
<a href=http://www.genome.jp/kegg-bin/show_pathway?hsa00010 target=_new>KEGG</a>","SMP00040"
"85","hMSEA6285","Sulfate/Sulfite Metabolism","Adenosine 3',5'-diphosphate; Estrone; Phenol; Sulfite; Pyrophosphate; Adenosine triphosphate; Magnesium; Chondroitin; Chondroitin 4-sulfate; Propyl alcohol; Adenosine phosphosulfate; Phosphoadenosine phosphosulfate; Molybdenum; ADP; Oxygen; Estrone sulfate; Phosphate; Sulfate; Water; Hydrogen peroxide; Heme; Phenol sulphate","<a href=""http://www.smpdb.ca/view/SMP00041"" target=""_blank""><u>SMPDB</u></a>
<a href=http://www.genome.jp/kegg-bin/show_pathway?hsa00920 target=_new>KEGG</a>","SMP00041"
"32","hMSEA6232","Galactose Metabolism","Melibiose; Galactitol; D-Glucose; Glycerol; D-Galactose; D-Mannose; Alpha-Lactose; myo-Inositol; Sorbitol; Pyrophosphate; Sucrose; Uridine triphosphate; Uridine diphosphate glucose; Uridine 5'-diphosphate; Uridine diphosphategalactose; Adenosine triphosphate; Magnesium; Galactose 1-phosphate; D-Fructose; NAD; Maltotriose; Zinc (II) ion; ADP; Glucose 6-phosphate; Phosphate; NADH; Glucose 1-phosphate; Water; Raffinose; Alpha-D-Glucose; Stachyose; Galactan; Galactinol; Galactosylglycerol; Melibiitol; Epimelibiose; Iron; Cellulose, microcrystalline","<a href=""http://www.smpdb.ca/view/SMP00043"" target=""_blank""><u>SMPDB</u></a>
<a href=http://www.genome.jp/kegg-bin/show_pathway?hsa00052 target=_new>KEGG</a>","SMP00043"
"41","hMSEA6241","Histidine Metabolism","1-Methylhistidine; Carnosine; Adenosine monophosphate; Ammonia; Beta-Alanine; L-Glutamic acid; L-Histidine; Anserine; NADP; NADPH; Pyrophosphate; Urocanic acid; Calcium; 3-Methylhistidine; Adenosine triphosphate; Copper; Formiminoglutamic acid; Histamine; 1-Methylhistamine; NAD; S-Adenosylhomocysteine; 4-Imidazolone-5-propionic acid; S-Adenosylmethionine; FAD; Zinc (II) ion; Manganese; ADP; Oxygen; Phosphate; NADH; Pyridoxal 5'-phosphate; 5-Formiminotetrahydrofolic acid; Tetrahydrofolic acid; Carbon dioxide; Imidazoleacetic acid; Water; Methylimidazoleacetic acid; Hydrogen peroxide; Imidazole-4-acetaldehyde; Methylimidazole acetaldehyde; Topaquinone; Hydrogen Ion; Histamium","<a href=""http://www.smpdb.ca/view/SMP00044"" target=""_blank""><u>SMPDB</u></a>
<a href=http://www.genome.jp/kegg-bin/show_pathway?hsa00340 target=_new>KEGG</a>","SMP00044"
"3","hMSEA6203","Amino Sugar Metabolism","Acetic acid; Ammonia; Cytidine triphosphate; Fructose 6-phosphate; L-Glutamic acid; N-Acetyl-D-glucosamine; N-Acetylneuraminic acid; Pyruvic acid; Pyrophosphate; Phosphoenolpyruvic acid; Uridine triphosphate; Uridine diphosphate-N-acetylglucosamine; Uridine 5'-diphosphate; Adenosine triphosphate; Magnesium; L-Glutamine; D-Fructose; N-Acetyl-D-Glucosamine 6-Phosphate; N-Acetyl-D-mannosamine 6-phosphate; N-Acetylmannosamine; Cytidine monophosphate N-acetylneuraminic acid; Acetyl-CoA; Glucosamine 6-phosphate; ADP; N-Acetyl-glucosamine 1-phosphate; Coenzyme A; Phosphate; Glucosamine; Water; Chitin; Chitobiose; D-Glucosaminide; N-Acetylneuraminate 9-phosphate","<a href=""http://www.smpdb.ca/view/SMP00045"" target=""_blank""><u>SMPDB</u></a>
<a href=http://www.genome.jp/kegg-bin/show_pathway?hsa00520 target=_new>KEGG</a>","SMP00045"
"74","hMSEA6274","Pyrimidine Metabolism","Deoxyuridine; Deoxycytidine; Ureidopropionic acid; Ammonia; Beta-Alanine; Dihydrouracil; Dihydrothymine; Cytidine triphosphate; Cytidine; Cytidine monophosphate; NADP; Orotidylic acid; NADPH; Orotic acid; Pyrophosphate; Thymine; Thymidine; Phosphoribosyl pyrophosphate; Uridine triphosphate; Uridine 5'-monophosphate; Uridine 5'-diphosphate; Uridine; Uracil; Calcium; Adenosine triphosphate; Magnesium; Hydrogen carbonate; L-Glutamine; Fe2+; Ureidosuccinic acid; dCTP; dUDP; Dihydrofolic acid; Carbamoyl phosphate; Deoxyuridine triphosphate; dCMP; 5-Thymidylic acid; dCDP; FAD; dTDP; Zinc (II) ion; ADP; Thymidine 5'-triphosphate; Deoxyribose 1-phosphate; dUMP; Phosphate; Ribose 1-phosphate; Flavin Mononucleotide; 5,10-Methylene-THF; CDP; Carbon dioxide; Ureidoisobutyric acid; Water; Phosphoric acid; L-Dihydroorotic acid; Quinone; 3'-AMP; 3-Aminoisobutanoic acid; Zinc","<a href=""http://www.smpdb.ca/view/SMP00046"" target=""_blank""><u>SMPDB</u></a>
<a href=http://www.genome.jp/kegg-bin/show_pathway?hsa00240 target=_new>KEGG</a>","SMP00046"
"56","hMSEA6256","Nicotinate and Nicotinamide Metabolism","Adenosine monophosphate; L-Glutamic acid; NADP; NADPH; Nicotinamide ribotide; Quinolinic acid; Pyrophosphate; Phosphoribosyl pyrophosphate; Adenosine triphosphate; Magnesium; L-Glutamine; 1-Methylnicotinamide; Nicotinamide riboside; NAD; S-Adenosylhomocysteine; Nicotinic acid mononucleotide; Adenosine diphosphate ribose; Nicotinic acid adenine dinucleotide; S-Adenosylmethionine; FAD; ADP; Oxygen; Niacinamide; Phosphate; NADH; Nicotinic acid; Ribose 1-phosphate; Carbon dioxide; Water; Phosphoric acid; Molybdopterin; Hydrogen peroxide; N1-Methyl-2-pyridone-5-carboxamide; N1-Methyl-4-pyridone-3-carboxamide; Nicotinate D-ribonucleoside; Ribose-1-arsenate; Hydrogen Ion","<a href=""http://www.smpdb.ca/view/SMP00048"" target=""_blank""><u>SMPDB</u></a>
<a href=http://www.genome.jp/kegg-bin/show_pathway?hsa00760 target=_new>KEGG</a>","SMP00048"
"73","hMSEA6273","Purine Metabolism","Adenine; Adenosine monophosphate; Adenosine; Ammonia; Cyclic AMP; Deoxyinosine; Deoxyguanosine; Deoxyadenosine; Glycine; Guanine; Guanosine; Fumaric acid; L-Glutamic acid; Hypoxanthine; Inosinic acid; Inosine triphosphate; L-Aspartic acid; Inosine; NADP; NADPH; Pyrophosphate; Phosphoribosyl pyrophosphate; Uric acid; Xanthine; Xanthosine; Calcium; Adenylsuccinic acid; Adenosine triphosphate; Magnesium; Potassium; L-Glutamine; SAICAR; NAD; Deoxyadenosine monophosphate; dGDP; 10-Formyltetrahydrofolate; Phosphoribosylformylglycineamidine; 2'-Deoxyguanosine 5'-monophosphate; 5-Phosphoribosylamine; Adenosine diphosphate ribose; Guanosine diphosphate; 5-Aminoimidazole ribonucleotide; FAD; Guanosine triphosphate; Zinc (II) ion; 5'-Phosphoribosyl-N-formylglycinamide; Diguanosine tetraphosphate; ADP; Deoxyribose 1-phosphate; Oxygen; Guanosine monophosphate; Phosphate; Phosphoribosyl formamidocarboxamide; dGTP; NADH; Ribose 1-phosphate; dADP; AICAR; Deoxyadenosine triphosphate; D-Ribose 5-phosphate; Xanthylic acid; Tetrahydrofolic acid; Carbon dioxide; Glycineamideribotide; Water; Phosphoric acid; Hydrogen peroxide; Heme; 5-Aminoimidazole-4-carboxamide; IDP; 2-(Formamido)-N1-(5-phospho-D-ribosyl)acetamidine; 5-amino-1-(5-phospho-D-ribosyl)imidazole-4-carboxylate; Guanosine 2',3'-cyclic phosphate ; Fe3+","<a href=""http://www.smpdb.ca/view/SMP00050"" target=""_blank""><u>SMPDB</u></a>
<a href=http://www.genome.jp/kegg-bin/show_pathway?hsa00230 target=_new>KEGG</a>","SMP00050"
"29","hMSEA6229","Fatty acid Metabolism","Adenosine monophosphate; L-Carnitine; Palmitic acid; L-Palmitoylcarnitine; Pyrophosphate; Adenosine triphosphate; Magnesium; NAD; Octanoyl-CoA; Butyryl-CoA; 3-Hydroxybutyryl-CoA; Acetyl-CoA; FAD; Palmityl-CoA; Glutaryl-CoA; Coenzyme A; Acetoacetyl-CoA; NADH; Tetradecanoyl-CoA; Carbon dioxide; Crotonoyl-CoA; Water; Hexanoyl-CoA; Lauroyl-CoA; (S)-3-Hydroxyhexadecanoyl-CoA; (S)-3-Hydroxytetradecanoyl-CoA; 3-Oxotetradecanoyl-CoA; (S)-3-Hydroxydodecanoyl-CoA; 3-Oxododecanoyl-CoA; (S)-Hydroxydecanoyl-CoA; 3-Oxodecanoyl-CoA; (S)-Hydroxyoctanoyl-CoA; 3-Oxooctanoyl-CoA; (S)-Hydroxyhexanoyl-CoA; 3-Oxohexanoyl-CoA; trans-2-Hexenoyl-CoA; (2E)-Hexadecenoyl-CoA; (2E)-Tetradecenoyl-CoA; (2E)-Decenoyl-CoA; (2E)-Octenoyl-CoA; 3-Oxohexadecanoyl-CoA; Decanoyl-CoA (n-C10:0CoA); Hydrogen Ion","<a href=""http://www.smpdb.ca/view/SMP00051"" target=""_blank""><u>SMPDB</u></a>
<a href=http://www.genome.jp/kegg-bin/show_pathway?hsa00061 target=_new>KEGG</a>; <a href=http://www.genome.jp/kegg-bin/show_pathway?hsa00071 target=_new>KEGG</a>","SMP00051"
"10","hMSEA6210","Beta Oxidation of Very Long Chain Fatty Acids","L-Carnitine; L-Acetylcarnitine; Caprylic acid; Capric acid; Caproic acid; Adenosine triphosphate; Magnesium; Dodecanoic acid; Acetyl-CoA; ADP; Coenzyme A; Tetradecanoyl-CoA; Tetracosanoic acid; Hexacosanoic acid; Lauroyl-CoA; Hexacosanoyl-CoA; Tetracosanoyl-CoA","<a href=""http://www.smpdb.ca/view/SMP00052"" target=""_blank""><u>SMPDB</u></a>
","SMP00052"
"30","hMSEA6230","Folate Metabolism","Ammonia; Folic acid; Formic acid; L-Glutamic acid; NADP; NADPH; Calcium; Adenosine triphosphate; Magnesium; NAD; 10-Formyltetrahydrofolate; Dihydrofolic acid; FAD; ADP; 5,10-Methenyltetrahydrofolic acid; 5-Methyltetrahydrofolic acid; Phosphate; NADH; Pyridoxal 5'-phosphate; 5,10-Methylene-THF; 5-Formiminotetrahydrofolic acid; Folinic acid; Tetrahydrofolic acid; Carbon dioxide; Water; N-Formyl-L-glutamic acid; Tetrahydrofolyl-[Glu](2); Tetrahydrofolyl-[Glu](n); Hydrogen Ion","<a href=""http://www.smpdb.ca/view/SMP00053"" target=""_blank""><u>SMPDB</u></a>
<a href=http://www.genome.jp/kegg-bin/show_pathway?hsa00670 target=_new>KEGG</a>","SMP00053"
"28","hMSEA6228","Fatty Acid Elongation In Mitochondria","NADP; Palmitic acid; NADPH; NAD; Octanoyl-CoA; Butyryl-CoA; Acetyl-CoA; Palmityl-CoA; Coenzyme A; NADH; Tetradecanoyl-CoA; Water; Hexanoyl-CoA; Lauroyl-CoA; (2E)-Dodecenoyl-CoA; (S)-3-Hydroxyhexadecanoyl-CoA; (S)-3-Hydroxytetradecanoyl-CoA; 3-Oxotetradecanoyl-CoA; (S)-3-Hydroxydodecanoyl-CoA; 3-Oxododecanoyl-CoA; (S)-Hydroxydecanoyl-CoA; 3-Oxodecanoyl-CoA; (S)-Hydroxyoctanoyl-CoA; 3-Oxooctanoyl-CoA; (S)-Hydroxyhexanoyl-CoA; 3-Oxohexanoyl-CoA; trans-2-Hexenoyl-CoA; (2E)-Hexadecenoyl-CoA; (2E)-Tetradecenoyl-CoA; (2E)-Decenoyl-CoA; (2E)-Octenoyl-CoA; 5-Amino-2-oxopentanoic acid; 3-Oxohexadecanoyl-CoA; Decanoyl-CoA (n-C10:0CoA); Hydrogen Ion","<a href=""http://www.smpdb.ca/view/SMP00054"" target=""_blank""><u>SMPDB</u></a>
<a href=http://www.genome.jp/kegg-bin/show_pathway?hsa00062 target=_new>KEGG</a>","SMP00054"
"1","hMSEA6201","Alanine Metabolism","Biotin; Adenosine monophosphate; Glyoxylic acid; Glycine; L-Glutamic acid; L-Alanine; Oxoglutaric acid; Oxalacetic acid; Pyruvic acid; Pyrophosphate; Adenosine triphosphate; Hydrogen carbonate; Zinc (II) ion; Manganese; ADP; Phosphate; Pyridoxal 5'-phosphate","<a href=""http://www.smpdb.ca/view/SMP00055"" target=""_blank""><u>SMPDB</u></a>
<a href=http://www.genome.jp/kegg-bin/show_pathway?hsa00250 target=_new>KEGG</a>; <a href=http://www.genome.jp/kegg-bin/show_pathway?hsa00410 target=_new>KEGG</a>","SMP00055"
"20","hMSEA6220","Citric Acid Cycle","Biotin; cis-Aconitic acid; Citric acid; Fumaric acid; L-Malic acid; Isocitric acid; Oxoglutaric acid; Oxalacetic acid; Pyruvic acid; Succinic acid; Adenosine triphosphate; Magnesium; Hydrogen carbonate; NAD; Lipoamide; Succinyl-CoA; Coenzyme Q10; FADH; Guanosine diphosphate; Acetyl-CoA; FAD; Guanosine triphosphate; Manganese; ADP; Thiamine pyrophosphate; Coenzyme A; Phosphate; NADH; Carbon dioxide; Water; Hydrogen Ion; QH(2)","<a href=""http://www.smpdb.ca/view/SMP00057"" target=""_blank""><u>SMPDB</u></a>
<a href=http://www.genome.jp/kegg-bin/show_pathway?hsa00020 target=_new>KEGG</a>","SMP00057"
"82","hMSEA6282","Starch and Sucrose Metabolism","D-Glucuronic acid; D-Maltose; Pyrophosphate; Sucrose; Uridine triphosphate; Uridine diphosphate glucose; Uridine 5'-diphosphate; Calcium; Chloride ion; Adenosine triphosphate; Magnesium; D-Fructose; Glycogen; 3-Phosphoglyceric acid; NAD; Uridine diphosphate glucuronic acid; Glyceric acid 1,3-biphosphate; ADP; Glucose 6-phosphate; Phosphate; NADH; Pyridoxal 5'-phosphate; Glucose 1-phosphate; Isovalerylglucuronide; Water; Alpha-D-Glucose; Amylose; Alpha-D-Glucose 1,6-bisphosphate; Beta-D-Fructose 6-phosphate; Dextrin; Cellulose, microcrystalline","<a href=""http://www.smpdb.ca/view/SMP00058"" target=""_blank""><u>SMPDB</u></a>
<a href=http://www.genome.jp/kegg-bin/show_pathway?hsa00500 target=_new>KEGG</a>","SMP00058"
"95","hMSEA6295","Urea Cycle","Adenosine monophosphate; Ammonia; Argininosuccinic acid; Fumaric acid; L-Glutamic acid; L-Alanine; L-Aspartic acid; Oxoglutaric acid; Ornithine; Oxalacetic acid; Pyruvic acid; Pyrophosphate; Urea; Calcium; L-Arginine; Adenosine triphosphate; Hydrogen carbonate; L-Glutamine; NAD; Citrulline; Carbamoyl phosphate; Manganese; ADP; Phosphate; NADH; Pyridoxal 5'-phosphate; Carbon dioxide; Water; Phosphoric acid","<a href=""http://www.smpdb.ca/view/SMP00059"" target=""_blank""><u>SMPDB</u></a>
","SMP00059"
"76","hMSEA6276","Pyruvate Metabolism","Biotin; Acetic acid; Adenosine monophosphate; Glutathione; L-Malic acid; L-Lactic acid; NADP; NADPH; Oxalacetic acid; Pyruvic acid; Pyrophosphate; Phosphoenolpyruvic acid; Adenosine triphosphate; Magnesium; Potassium; Hydrogen carbonate; NAD; Lipoamide; Dihydrolipoamide; Acetaldehyde; S-Lactoylglutathione; Pyruvaldehyde; Malonyl-CoA; Guanosine diphosphate; Acetyl-CoA; FAD; Guanosine triphosphate; Zinc (II) ion; D-Lactic acid; Manganese; ADP; Hydrogen; Thiamine pyrophosphate; Coenzyme A; Phosphate; Acetoacetyl-CoA; NADH; Acetylphosphate; Propylene glycol; Carbon dioxide; Water; Phosphoric acid; Lactaldehyde; 2-(a-Hydroxyethyl)thiamine diphosphate; D-Lactaldehyde; S-Acetyldihydrolipoamide-E; Acetyl adenylate; Hydrogen Ion","<a href=""http://www.smpdb.ca/view/SMP00060"" target=""_blank""><u>SMPDB</u></a>
<a href=http://www.genome.jp/kegg-bin/show_pathway?hsa00620 target=_new>KEGG</a>","SMP00060"
"92","hMSEA6292","Tryptophan Metabolism","Tetrahydrobiopterin; Formic acid; L-Glutamic acid; L-Alanine; Indoleacetic acid; Oxoglutaric acid; NADP; NADPH; Quinolinic acid; Pyrophosphate; Serotonin; Tryptamine; 5-Hydroxy-L-tryptophan; Adenosine triphosphate; L-Kynurenine; Fe2+; Kynurenic acid; 5-Hydroxyindoleacetic acid; Xanthurenic acid; NAD; L-Tryptophan; S-Adenosylhomocysteine; 4-(2-Aminophenyl)-2,4-dioxobutanoic acid; 2-Aminobenzoic acid; S-Adenosylmethionine; Indoleacetaldehyde; N'-Formylkynurenine; Acetyl-CoA; N-Acetylserotonin; FAD; 2-Aminomuconic acid semialdehyde; 2-Amino-3-carboxymuconic acid semialdehyde; Oxygen; Melatonin; Coenzyme A; 3-Hydroxyanthranilic acid; NADH; Pyridoxal 5'-phosphate; Carbon dioxide; Water; Molybdopterin; 4a-Hydroxytetrahydrobiopterin; Hydrogen peroxide; Heme; 3'-AMP; 5-Hydroxyindoleacetaldehyde; 5-Hydroxykynurenamine; 4,6-Dihydroxyquinoline; Cinnavalininate; 6-Hydroxymelatonin; 4-(2-Amino-3-hydroxyphenyl)-2,4-dioxobutanoic acid; 5-Hydroxy-N-formylkynurenine; Formylanthranilic acid; 5-Methoxyindoleacetate; Acetyl-N-formyl-5-methoxykynurenamine; N-Methylserotonin; N-Methyltryptamine; L-3-Hydroxykynurenine; 5-Hydroxykynurenine; Formyl-5-hydroxykynurenamine","<a href=""http://www.smpdb.ca/view/SMP00063"" target=""_blank""><u>SMPDB</u></a>
<a href=http://www.genome.jp/kegg-bin/show_pathway?hsa00380 target=_new>KEGG</a>","SMP00063"
"31","hMSEA6231","Fructose and Mannose Degradation","Fructose 6-phosphate; D-Mannose; L-Fucose; NADP; NADPH; Sorbitol; Pyrophosphate; Adenosine triphosphate; Magnesium; D-Fructose; NAD; D-Fructose 2,6-bisphosphate; Glyceraldehyde; Fructose 1,6-bisphosphate; Fructose 1-phosphate; Mannose 6-phosphate; GDP-L-fucose; D-Glyceraldehyde 3-phosphate; Guanosine diphosphate mannose; Fucose 1-phosphate; Guanosine triphosphate; Zinc (II) ion; ADP; GDP-4-Dehydro-6-deoxy-D-mannose; Phosphate; Dihydroxyacetone phosphate; NADH; Water; Phosphoric acid; Alpha-D-Glucose; D-Mannose 1-phosphate; Beta-D-Fructose 2-phosphate","<a href=""http://www.smpdb.ca/view/SMP00064"" target=""_blank""><u>SMPDB</u></a>
<a href=http://www.genome.jp/kegg-bin/show_pathway?hsa00051 target=_new>KEGG</a>","SMP00064"
"94","hMSEA6294","Ubiquinone Biosynthesis","NADP; NADPH; Pyrophosphate; 4-Hydroxybenzoic acid; S-Adenosylhomocysteine; 3-Hexaprenyl-4-hydroxy-5-methoxybenzoic acid; 3-Hexaprenyl-4,5-Dihydroxybenzoic acid; S-Adenosylmethionine; Oxygen; Ubiquinone-1; Water; 3-Hexaprenyl-4-hydroxybenzoic acid; 2-Hexaprenyl-6-methoxyphenol; 2-Hexaprenyl-6-methoxy-1,4-benzoquinone; 2-Hexaprenyl-3-methyl-6-methoxy-1,4 benzoquinone; 2-Hexaprenyl-3-methyl-5-hydroxy-6-methoxy-1,4-benzoquinone; All-trans-hexaprenyl diphosphate; Fe3+; Ubiquinone 6; Hydrogen Ion","<a href=""http://www.smpdb.ca/view/SMP00065"" target=""_blank""><u>SMPDB</u></a>
<a href=http://www.genome.jp/kegg-bin/show_pathway?hsa00130 target=_new>KEGG</a>","SMP00065"
"14","hMSEA6214","Biotin Metabolism","Biotin; L-Lysine; Pyrophosphate; Adenosine triphosphate; Water; Biocytin; D-Lysine; Biotinyl-5'-AMP","<a href=""http://www.smpdb.ca/view/SMP00066"" target=""_blank""><u>SMPDB</u></a>
<a href=http://www.genome.jp/kegg-bin/show_pathway?hsa00780 target=_new>KEGG</a>","SMP00066"
"9","hMSEA6209","Aspartate Metabolism","Acetic acid; Adenosine monophosphate; Ammonia; Argininosuccinic acid; Beta-Alanine; Fumaric acid; L-Glutamic acid; L-Asparagine; Inosinic acid; L-Aspartic acid; Oxoglutaric acid; Oxalacetic acid; Pyrophosphate; L-Arginine; Adenylsuccinic acid; Adenosine triphosphate; Magnesium; L-Glutamine; Malonic acid; N-Acetyl-L-aspartic acid; Ureidosuccinic acid; Citrulline; Carbamoyl phosphate; Guanosine diphosphate; FAD; Guanosine triphosphate; Zinc (II) ion; Oxygen; Phosphate; Pyridoxal 5'-phosphate; Carbon dioxide; Water; Hydrogen peroxide; D-Aspartic acid; Malonic semialdehyde","<a href=""http://www.smpdb.ca/view/SMP00067"" target=""_blank""><u>SMPDB</u></a>
<a href=http://www.genome.jp/kegg-bin/show_pathway?hsa00250 target=_new>KEGG</a>","SMP00067"
"5","hMSEA6205","Androgen and Estrogen Metabolism","Androstenedione; Adenosine 3',5'-diphosphate; Dehydroepiandrosterone; Formic acid; Estrone; Estradiol; NADP; NADPH; Testosterone; Uridine 5'-diphosphate; 17a-Hydroxypregnenolone; 17-Hydroxyprogesterone; Calcium; NAD; Uridine diphosphate glucuronic acid; Dehydroepiandrosterone sulfate; Phosphoadenosine phosphosulfate; Oxygen; Estrone sulfate; Sulfate; NADH; Water; Androsterone sulfate; Dihydrotestosterone; Heme; Testosterone glucuronide; 19-Hydroxyandrost-4-ene-3,17-dione; 19-Oxotestosterone; 17-beta-Estradiol-3-glucuronide; 19-Oxoandrost-4-ene-3,17-dione; 19-Hydroxytestosterone; 5b-Dihydrotestosterone; Hydrogen Ion","<a href=""http://www.smpdb.ca/view/SMP00068"" target=""_blank""><u>SMPDB</u></a>
<a href=http://www.genome.jp/kegg-bin/show_pathway?hsa00140 target=_new>KEGG</a>","SMP00068"
"78","hMSEA6278","Riboflavin Metabolism","Adenosine monophosphate; Riboflavin; Pyrophosphate; Calcium; Adenosine triphosphate; Magnesium; Copper; FAD; ADP; Oxygen; Phosphate; Flavin Mononucleotide; Water; Hydroquinone; Hydrogen peroxide; Quinone; Dimethylbenzimidazole; 6,7-Dimethyl-8-(1-D-ribityl)lumazine; 7-Hydroxy-6-methyl-8-ribityl lumazine; Zinc","<a href=""http://www.smpdb.ca/view/SMP00070"" target=""_blank""><u>SMPDB</u></a>
<a href=http://www.genome.jp/kegg-bin/show_pathway?hsa00740 target=_new>KEGG</a>","SMP00070"
"45","hMSEA6245","Ketone Body Metabolism","(R)-3-Hydroxybutyric acid; Acetoacetic acid; Succinic acid; NAD; Succinyl-CoA; Acetyl-CoA; 3-Hydroxy-3-methylglutaryl-CoA; Coenzyme A; Acetoacetyl-CoA; NADH; Acetone; Carbon dioxide; Water","<a href=""http://www.smpdb.ca/view/SMP00071"" target=""_blank""><u>SMPDB</u></a>
<a href=http://www.genome.jp/kegg-bin/show_pathway?hsa00072 target=_new>KEGG</a>","SMP00071"
"35","hMSEA6235","Glutamate Metabolism","Biotin; Adenosine monophosphate; Ammonia; Gamma-Aminobutyric acid; Glycine; Fructose 6-phosphate; Glutathione; L-Glutamic acid; L-Alanine; L-Aspartic acid; Oxoglutaric acid; NADP; NADPH; Oxalacetic acid; Pyruvic acid; Pyrophosphate; Succinic acid; Phosphoribosyl pyrophosphate; Adenosine triphosphate; Magnesium; L-Cysteine; L-Glutamine; NAD; gamma-Glutamylcysteine; N-Acetyl-D-Glucosamine 6-Phosphate; Carbamoyl phosphate; 5-Phosphoribosylamine; Adenosine diphosphate ribose; Nicotinic acid adenine dinucleotide; Acetyl-CoA; FAD; Glucosamine 6-phosphate; Succinic acid semialdehyde; 1-Pyrroline-5-carboxylic acid; Zinc (II) ion; ADP; Guanosine monophosphate; Coenzyme A; Phosphate; NADH; Pyridoxal 5'-phosphate; Xanthylic acid; Carbon dioxide; Water; Phosphoric acid; Oxidized glutathione; Chitin; Carbonic acid; Hydrogen Ion","<a href=""http://www.smpdb.ca/view/SMP00072"" target=""_blank""><u>SMPDB</u></a>
<a href=http://www.genome.jp/kegg-bin/show_pathway?hsa00250 target=_new>KEGG</a>; <a href=http://www.genome.jp/kegg-bin/show_pathway?hsa00471 target=_new>KEGG</a>","SMP00072"
"15","hMSEA6215","Butyrate Metabolism","Butyric acid; Adenosine monophosphate; Acetoacetic acid; Pyrophosphate; Succinic acid; Adenosine triphosphate; Magnesium; NAD; Succinyl-CoA; Butyryl-CoA; 3-Hydroxybutyryl-CoA; Acetyl-CoA; FAD; 3-Hydroxy-3-methylglutaryl-CoA; Coenzyme A; Acetoacetyl-CoA; NADH; Crotonoyl-CoA; Water","<a href=""http://www.smpdb.ca/view/SMP00073"" target=""_blank""><u>SMPDB</u></a>
<a href=http://www.genome.jp/kegg-bin/show_pathway?hsa00650 target=_new>KEGG</a>","SMP00073"
"77","hMSEA6277","Retinol Metabolism","Glycerophosphocholine; NADP; NADPH; Vitamin A; B-Carotene; Fe2+; NAD; Acetyl-CoA; Retinal; Oxygen; Coenzyme A; NADH; All-trans-retinoic acid; 2-Ethylacrylic acid; Water; 11-cis-Retinaldehyde; 9-cis-Retinoic acid; Retinoyl b-glucuronide; Heme; Alpha-D-Glucose; Retinyl ester; Retinyl palmitate; 11-cis-Retinol; 9-cis-Retinol; 9-cis-Retinal; 4-Hydroxyretinoic acid; 4-oxo-Retinoic acid; DG(16:1(9Z)/22:0/0:0); PC(24:1(15Z)/15:0); All-trans-13,14-dihydroretinol; 4-Oxoretinol; all-trans-5,6-Epoxyretinoic acid; all-trans-18-Hydroxyretinoic acid; Zinc; TG(16:1(9Z)/22:0/16:1(9Z)); rac-5,6-Epoxy-retinoate; 18-Hydroxyretinoic acid","<a href=""http://www.smpdb.ca/view/SMP00074"" target=""_blank""><u>SMPDB</u></a>
<a href=http://www.genome.jp/kegg-bin/show_pathway?hsa00830 target=_new>KEGG</a>","SMP00074"
"7","hMSEA6207","Arachidonic Acid Metabolism","Glutathione; L-Glutamic acid; NADP; NADPH; Calcium; Magnesium; Arachidonic acid; Leukotriene B4; Prostaglandin F2a; Leukotriene C4; Prostaglandin E2; Zinc (II) ion; Prostaglandin I2; Leukotriene A4; Oxygen; Prostaglandin H2; Prostaglandin D2; Thromboxane A2; 20-Hydroxy-leukotriene B4; Water; 5,6-Epoxy-8,11,14-eicosatrienoic acid; 8,9-Epoxyeicosatrienoic acid; 14,15-DiHETrE; 8,9-DiHETrE; 11,12-DiHETrE; 5,6-DHET; Prostaglandin J2; Prostaglandin A2; 6-Keto-prostaglandin F1a; Leukotriene D4; Hydrogen peroxide; Heme; Prostaglandin G2; Thromboxane B2; Oxidized glutathione; 15(S)-HETE; 12-Keto-leukotriene B4; Prostaglandin B2; Delta-12-Prostaglandin J2; 6-Ketoprostaglandin E1; 11-Dehydro-thromboxane B2; 12(S)-HPETE; 15(S)-HPETE; 14,15-Epoxy-5,8,11-eicosatrienoic acid; 8-Isoprostane; 11,12-Epoxyeicosatrienoic acid; 8-HETE; 16(R)-HETE; 11,12,15-THETA; 12(R)-HPETE; 11H-14,15-EETA; 11,14,15-THETA; 8(S)-HPETE; 15H-11,12-EETA; 15-Deoxy-d-12,14-PGJ2; 20-Hydroxyeicosatetraenoic acid; 20-Carboxy-leukotriene B4; PC(14:0/20:4(5Z,8Z,11Z,14Z)); 5-KETE; LysoPC(14:0); 5-HETE; 5-HPETE; 19(S)-HETE; 11-Epi-PGF2a; Fe3+; 12-KETE; Prostaglandin-c2; Arachidonate; prostaglandin-a2","<a href=""http://www.smpdb.ca/view/SMP00075"" target=""_blank""><u>SMPDB</u></a>
<a href=http://www.genome.jp/kegg-bin/show_pathway?hsa00590 target=_new>KEGG</a>","SMP00075"
"87","hMSEA6287","Thiamine Metabolism","Adenosine monophosphate; Thiamine; Adenosine triphosphate; ADP; Thiamine pyrophosphate; Phosphate; Thiamine triphosphate; Water; Thiamine monophosphate","<a href=""http://www.smpdb.ca/view/SMP00076"" target=""_blank""><u>SMPDB</u></a>
<a href=http://www.genome.jp/kegg-bin/show_pathway?hsa00730 target=_new>KEGG</a>","SMP00076"
"12","hMSEA6212","Betaine Metabolism","Betaine; Adenosine; Dimethylglycine; Choline; Pyrophosphate; Adenosine triphosphate; Magnesium; Potassium; L-Methionine; Homocysteine; NAD; S-Adenosylhomocysteine; S-Adenosylmethionine; FAD; Betaine aldehyde; Zinc (II) ion; 5-Methyltetrahydrofolic acid; Phosphate; NADH; Tetrahydrofolic acid; Water","<a href=""http://www.smpdb.ca/view/SMP00123"" target=""_blank""><u>SMPDB</u></a>
","SMP00123"
"37","hMSEA6237","Glycerol Phosphate Shuttle","Glycerol 3-phosphate; NAD; D-Glyceraldehyde 3-phosphate; FADH; FAD; Glyceric acid 1,3-biphosphate; Dihydroxyacetone phosphate; NADH; Phosphoric acid; Hydroquinone; Quinone","<a href=""http://www.smpdb.ca/view/SMP00124"" target=""_blank""><u>SMPDB</u></a>
","SMP00124"
"62","hMSEA6262","Phenylacetate Metabolism","Adenosine monophosphate; Phenylacetic acid; Pyrophosphate; Adenosine triphosphate; Magnesium; L-Glutamine; Coenzyme A; Alpha-N-Phenylacetyl-L-glutamine; Phenylacetyl-CoA","<a href=""http://www.smpdb.ca/view/SMP00126"" target=""_blank""><u>SMPDB</u></a>
","SMP00126"
"34","hMSEA6234","Glucose-Alanine Cycle","Ammonia; D-Glucose; L-Glutamic acid; L-Alanine; Oxoglutaric acid; NADP; NADPH; Pyruvic acid; NAD; NADH; Pyridoxal 5'-phosphate; Water; Hydrogen Ion","<a href=""http://www.smpdb.ca/view/SMP00127"" target=""_blank""><u>SMPDB</u></a>
","SMP00127"
"33","hMSEA6233","Gluconeogenesis","Biotin; D-Glucose; Fructose 6-phosphate; L-Lactic acid; Oxoglutaric acid; Oxalacetic acid; Pyruvic acid; Phosphoenolpyruvic acid; Beta-D-Glucose; Adenosine triphosphate; Magnesium; Hydrogen carbonate; Malic acid; 3-Phosphoglyceric acid; NAD; Fructose 1,6-bisphosphate; D-Glyceraldehyde 3-phosphate; Guanosine diphosphate; Glyceric acid 1,3-biphosphate; Guanosine triphosphate; 2,3-Diphosphoglyceric acid; Manganese; ADP; Glucose 6-phosphate; Phosphate; Dihydroxyacetone phosphate; NADH; Glucose 1-phosphate; Carbon dioxide; Water; Phosphoric acid; Alpha-D-Glucose; 2-Phospho-D-glyceric acid; Beta-D-Glucose 6-phosphate; Hydrogen Ion","<a href=""http://www.smpdb.ca/view/SMP00128"" target=""_blank""><u>SMPDB</u></a>
<a href=http://www.genome.jp/kegg-bin/show_pathway?hsa00010 target=_new>KEGG</a>","SMP00128"
"49","hMSEA6249","Malate-Aspartate Shuttle","L-Glutamic acid; L-Aspartic acid; Oxoglutaric acid; Oxalacetic acid; Calcium; Malic acid; NAD; NADH; Pyridoxal 5'-phosphate; Hydrogen Ion","<a href=""http://www.smpdb.ca/view/SMP00129"" target=""_blank""><u>SMPDB</u></a>
","SMP00129"
"84","hMSEA6284","Steroidogenesis","Cortexolone; Deoxycorticosterone; Aldosterone; Cortisol; Cholesterol; NADP; NADPH; Pregnenolone; Tetrahydrocorticosterone; 18-Hydroxycorticosterone; 17a-Hydroxypregnenolone; 17-Hydroxyprogesterone; NAD; Tetrahydrocortisone; Tetrahydrocortisol; 4-Methylpentanal; Oxygen; NADH; Corticosterone; Progesterone; Water; Cortisone; Heme; Dihydrocortisol; 5a-Pregnane-3,20-dione; 21-Hydroxypregnenolone; 11-Dehydrocorticosterone; 21-Deoxycortisol; 11b-Hydroxyprogesterone; 22b-Hydroxycholesterol; 20alpha-Hydroxycholesterol; 3a,11b,21-Trihydroxy-20-oxo-5b-pregnan-18-al; 11b,21-Dihydroxy-3,20-oxo-5b-pregnan-18-al; 3a,21-Dihydroxy-5b-pregnane-11,20-dione; 21-Hydroxy-5b-pregnane-3,11,20-trione; 11b,21-Dihydroxy-5b-pregnane-3,20-dione; 17a,21-Dihydroxy-5b-pregnane-3,11,20-trione; 3a-Hydroxy-5b-pregnane-20-one; 11b,17a,21-Trihydroxypreg-nenolone; 17alpha,21-Dihydroxypregnenolone; 20a,22b-Dihydroxycholesterol; 17a,20a-Dihydroxycholesterol; Hydrogen Ion","<a href=""http://www.smpdb.ca/view/SMP00130"" target=""_blank""><u>SMPDB</u></a>
","SMP00130"
"55","hMSEA6255","Mitochondrial Electron Transport Chain","Glycerol 3-phosphate; Fumaric acid; Succinic acid; Adenosine triphosphate; NAD; Ubiquinol 8; Coenzyme Q10; D-Glyceraldehyde 3-phosphate; FAD; Glyceric acid 1,3-biphosphate; ADP; Hydrogen; Oxygen; Phosphate; Dihydroxyacetone phosphate; NADH; Water; Heme; Hydrogen Ion","<a href=""http://www.smpdb.ca/view/SMP00355"" target=""_blank""><u>SMPDB</u></a>
","SMP00355"
"47","hMSEA6247","Lactose Synthesis","D-Glucose; Alpha-Lactose; Pyrophosphate; Uridine triphosphate; Uridine diphosphate glucose; Uridine 5'-monophosphate; Uridine 5'-diphosphate; Uridine diphosphategalactose; Calcium; Adenosine triphosphate; Magnesium; Galactose 1-phosphate; Zinc (II) ion; Manganese; ADP; Phosphate; Glucose 1-phosphate; Water; Phosphoric acid; Iron","<a href=""http://www.smpdb.ca/view/SMP00444"" target=""_blank""><u>SMPDB</u></a>
","SMP00444"
"80","hMSEA6280","Spermidine and Spermine Biosynthesis","Ornithine; Pyrophosphate; Adenosine triphosphate; Magnesium; Potassium; L-Methionine; S-Adenosylmethioninamine; Pyruvaldehyde; 5'-Methylthioadenosine; S-Adenosylmethionine; Spermine; Spermidine; Putrescine; Phosphate; Pyridoxal 5'-phosphate; Carbon dioxide; Water; Hydrogen Ion","<a href=""http://www.smpdb.ca/view/SMP00445"" target=""_blank""><u>SMPDB</u></a>
","SMP00445"
"26","hMSEA6226","Ethanol Degradation","Acetic acid; Adenosine monophosphate; Ethanol; NADP; NADPH; Pyrophosphate; Adenosine triphosphate; NAD; Acetaldehyde; Acetyl-CoA; Zinc (II) ion; Hydrogen; Oxygen; Coenzyme A; NADH; Water; Hydrogen peroxide; Heme; Hydrogen Ion","<a href=""http://www.smpdb.ca/view/SMP00449"" target=""_blank""><u>SMPDB</u></a>
","SMP00449"
"68","hMSEA6268","Phytanic Acid Peroxisomal Oxidation","Ascorbic acid; Oxoglutaric acid; NADP; NADPH; Pyrophosphate; Succinic acid; Adenosine triphosphate; Magnesium; Pristanic acid; Phytanic acid; NAD; Acetyl-CoA; Isobutyryl-CoA; Propionyl-CoA; 2-Hydroxyphytanoyl-CoA; ADP; Phytanoyl-CoA; Thiamine pyrophosphate; Oxygen; Coenzyme A; NADH; Pristanal; Carbon dioxide; Water; Formyl-CoA; Iron","<a href=""http://www.smpdb.ca/view/SMP00450"" target=""_blank""><u>SMPDB</u></a>
","SMP00450"
"88","hMSEA6288","Threonine and 2-Oxobutanoate Degradation","2-Ketobutyric acid; Biotin; Ammonia; L-Threonine; Adenosine triphosphate; Hydrogen carbonate; NAD; Succinyl-CoA; FAD; Propionyl-CoA; ADP; Hydrogen; Thiamine pyrophosphate; Coenzyme A; NADH; Pyridoxal 5'-phosphate; Carbon dioxide; Adenosylcobalamin; R-Methylmalonyl-CoA; S-Methylmalonyl-CoA","<a href=""http://www.smpdb.ca/view/SMP00452"" target=""_blank""><u>SMPDB</u></a>
","SMP00452"
"42","hMSEA6242","Homocysteine Degradation","2-Ketobutyric acid; Ammonia; L-Cystathionine; L-Serine; L-Cysteine; Homocysteine; Hydrogen; Pyridoxal 5'-phosphate; Water","<a href=""http://www.smpdb.ca/view/SMP00455"" target=""_blank""><u>SMPDB</u></a>
","SMP00455"
"27","hMSEA6227","Fatty Acid Biosynthesis","Biotin; Butyric acid; Acetic acid; Acetoacetic acid; Palmitic acid; 3-Hydroxybutyric acid; Caprylic acid; Capric acid; Caproic acid; Dodecanoic acid; Malonic acid; Myristic acid; Malonyl-CoA; Acetyl-CoA; Manganese; Coenzyme A; trans-2-Octenoic acid; 3-Oxohexanoic acid; (R)-3-Hydroxyhexanoic acid; trans-Hex-2-enoic acid; But-2-enoic acid; 3-Oxooctanoic acid; (R)-3-Hydroxyoctanoic acid; 3-Oxodecanoic acid; (R)-3-Hydroxydecanoic acid; trans-Dec-2-enoic acid; 3-Oxododecanoic acid; (R)-3-Hydroxydodecanoic acid; trans-Dodec-2-enoic acid; 3-Oxotetradecanoic acid; (R)-3-Hydroxy-tetradecanoic acid; trans-Tetra-dec-2-enoic acid; 3-Oxohexadecanoic acid; (R)-3-Hydroxy-hexadecanoic acid; Trans-Hexa-dec-2-enoic acid","<a href=""http://www.smpdb.ca/view/SMP00456"" target=""_blank""><u>SMPDB</u></a>
","SMP00456"
"46","hMSEA6246","Lactose Degradation","D-Glucose; D-Galactose; Alpha-Lactose; Adenosine triphosphate; Potassium; Sodium; ADP; Phosphate; Water","<a href=""http://www.smpdb.ca/view/SMP00457"" target=""_blank""><u>SMPDB</u></a>
","SMP00457"
"75","hMSEA6275","Pyruvaldehyde Degradation","Glutathione; Pyruvic acid; S-Lactoylglutathione; Pyruvaldehyde; FAD; Zinc (II) ion; D-Lactic acid; Hydrogen; Water; Hydrogen Ion","<a href=""http://www.smpdb.ca/view/SMP00459"" target=""_blank""><u>SMPDB</u></a>
","SMP00459"
"44","hMSEA6244","Inositol Phosphate Metabolism","myo-Inositol; Myo-inositol 1-phosphate; Adenosine triphosphate; Magnesium; NAD; 1D-Myo-inositol 1,4-bisphosphate; Inositol 1,3,4,5-tetraphosphate; Inositol 1,3,4-trisphosphate; 1D-Myo-inositol 1,3,4,6-tetrakisphosphate; D-Myo-inositol 4-phosphate; ADP; Glucose 6-phosphate; Phosphate; Inositol 1,4,5-trisphosphate; Water; Phosphoric acid; Myo-inositol hexakisphosphate; Inositol 1,3,4,5,6-pentakisphosphate; D-Myo-inositol 3,4,5,6-tetrakisphosphate; 1D-Myo-inositol 1,4,5,6-tetrakisphosphate; 5-Diphosphoinositol pentakisphosphate; Bisdiphosphoinositol tetrakisphosphate; 1D-Myo-inositol 1,3-bisphosphate; 1D-Myo-inositol 3,4-bisphosphate; 1D-myo-Inositol 3-phosphate; Diphosphoinositol tetrakisphosphate","<a href=""http://www.smpdb.ca/view/SMP00462"" target=""_blank""><u>SMPDB</u></a>
","SMP00462"
"66","hMSEA6266","Phosphatidylinositol Phosphate Metabolism","Cytidine monophosphate; myo-Inositol; Calcium; Adenosine triphosphate; Magnesium; Manganese; ADP; Phosphate; Inositol 1,4,5-trisphosphate; Water; CDP-DG(16:0/18:1(9Z)); DG(16:0/18:1(9Z)/0:0); PI(16:0/18:1(9Z)); PIP[3'](16:0/18:1(9Z)); PIP(18:1(9Z)/16:0); PIP2(16:0/18:1(9Z)); PIP3(16:0/18:1(9Z))","<a href=""http://www.smpdb.ca/view/SMP00463"" target=""_blank""><u>SMPDB</u></a>
","SMP00463"
"98","hMSEA6298","Vitamin K Metabolism","Methylmalonic acid; NADP; NADPH; Propionic acid; FAD; Oxygen; Carbon dioxide; Water; Vitamin K1 2,3-epoxide; Vitamin K1; Reduced Vitamin K (phylloquinone); 1,4-Dithiothreitol; Phytonadione; Oxidized dithiothreitol","<a href=""http://www.smpdb.ca/view/SMP00464"" target=""_blank""><u>SMPDB</u></a>
","SMP00464"
"18","hMSEA6218","Carnitine Synthesis","Ascorbic acid; L-Carnitine; Glycine; L-Lysine; Oxoglutaric acid; Succinic acid; Fe2+; NAD; S-Adenosylhomocysteine; 4-Trimethylammoniobutanoic acid; S-Adenosylmethionine; N6,N6,N6-Trimethyl-L-lysine; 4-Trimethylammoniobutanal; Hydrogen; Oxygen; 3-Hydroxy-N6,N6,N6-trimethyl-L-lysine; NADH; Pyridoxal 5'-phosphate; Carbon dioxide; Water; D-Lysine; Hydrogen Ion","<a href=""http://www.smpdb.ca/view/SMP00465"" target=""_blank""><u>SMPDB</u></a>
","SMP00465"
"90","hMSEA6290","Transfer of Acetyl Groups into Mitochondria","Biotin; Citric acid; D-Glucose; L-Malic acid; NADP; NADPH; Oxalacetic acid; Pyruvic acid; Adenosine triphosphate; Hydrogen carbonate; NAD; Acetyl-CoA; Manganese; ADP; Hydrogen; Thiamine pyrophosphate; Coenzyme A; Phosphate; NADH; Carbon dioxide; Water; Hydrogen Ion","<a href=""http://www.smpdb.ca/view/SMP00466"" target=""_blank""><u>SMPDB</u></a>
","SMP00466"
"91","hMSEA6291","Trehalose Degradation","Beta-D-Glucose; Adenosine triphosphate; Potassium; Sodium; Trehalose; ADP; Hydrogen; Phosphate; Water; Alpha-D-Glucose; Beta-D-Glucose 6-phosphate","<a href=""http://www.smpdb.ca/view/SMP00467"" target=""_blank""><u>SMPDB</u></a>
","SMP00467"
"24","hMSEA6224","Degradation of Superoxides","NADP; Copper; Zinc (II) ion; Manganese; Hydrogen; Oxygen; Water; Superoxide; Hydrogen peroxide; Heme; Hydrogen Ion","<a href=""http://www.smpdb.ca/view/SMP00468"" target=""_blank""><u>SMPDB</u></a>
","SMP00468"
"57","hMSEA6257","Nucleotide Excision Repair",NA,"<a href=""http://www.smpdb.ca/view/SMP00478"" target=""_blank""><u>SMPDB</u></a>
","SMP00478"
"69","hMSEA6269","Plasmalogen Synthesis","Cytidine monophosphate; NADP; NADPH; Magnesium; Stearic acid; NAD; Linoleoyl-CoA; Stearoyl-CoA; FAD; Hydrogen; Oxygen; Citicoline; Coenzyme A; Phosphate; Dihydroxyacetone phosphate; NADH; CDP-Ethanolamine; Water; Octadecanol; Hydrogen peroxide; 1-Hexadecanol; Eicosanoyl-CoA; Arachidonyl-CoA; DHAP(18:0); DHAP(18:0e); LysoPA(18:0e/0:0)","<a href=""http://www.smpdb.ca/view/SMP00479"" target=""_blank""><u>SMPDB</u></a>
","SMP00479"
"54","hMSEA6254","Mitochondrial Beta-Oxidation of Short Chain Saturated Fatty Acids","Adenosine monophosphate; L-Carnitine; Pyrophosphate; Caprylic acid; Caproic acid; Adenosine triphosphate; L-Octanoylcarnitine; NAD; Octanoyl-CoA; Butyryl-CoA; 3-Hydroxybutyryl-CoA; Acetyl-CoA; FAD; Hydrogen; Coenzyme A; Acetoacetyl-CoA; NADH; Crotonoyl-CoA; Water; Hexanoyl-CoA; (S)-Hydroxyoctanoyl-CoA; 3-Oxooctanoyl-CoA; (S)-Hydroxyhexanoyl-CoA; 3-Oxohexanoyl-CoA; trans-2-Hexenoyl-CoA; (2E)-Octenoyl-CoA; Hydrogen Ion","<a href=""http://www.smpdb.ca/view/SMP00480"" target=""_blank""><u>SMPDB</u></a>
","SMP00480"
"53","hMSEA6253","Mitochondrial Beta-Oxidation of Medium Chain Saturated Fatty Acids","Adenosine monophosphate; Pyrophosphate; Adenosine triphosphate; Magnesium; Dodecanoic acid; NAD; Octanoyl-CoA; Acetyl-CoA; FAD; Hydrogen; Coenzyme A; NADH; Water; Hexanoyl-CoA; Lauroyl-CoA; (2E)-Dodecenoyl-CoA; (S)-3-Hydroxydodecanoyl-CoA; 3-Oxododecanoyl-CoA; (S)-Hydroxydecanoyl-CoA; 3-Oxodecanoyl-CoA; (S)-Hydroxyoctanoyl-CoA; 3-Oxooctanoyl-CoA; trans-2-Hexenoyl-CoA; (2E)-Decenoyl-CoA; (2E)-Octenoyl-CoA; Decanoyl-CoA (n-C10:0CoA); Hydrogen Ion","<a href=""http://www.smpdb.ca/view/SMP00481"" target=""_blank""><u>SMPDB</u></a>
","SMP00481"
"52","hMSEA6252","Mitochondrial Beta-Oxidation of Long Chain Saturated Fatty Acids","Adenosine monophosphate; L-Carnitine; Pyrophosphate; Adenosine triphosphate; Magnesium; Stearic acid; Stearoylcarnitine; NAD; Stearoyl-CoA; Acetyl-CoA; FAD; Palmityl-CoA; Hydrogen; Coenzyme A; NADH; Tetradecanoyl-CoA; Water; Lauroyl-CoA; (S)-3-Hydroxyhexadecanoyl-CoA; (S)-3-Hydroxytetradecanoyl-CoA; 3-Oxotetradecanoyl-CoA; (2E)-Hexadecenoyl-CoA; (2E)-Tetradecenoyl-CoA; 3-Oxohexadecanoyl-CoA; 3-Oxooctadecanoyl-CoA; trans-Octadec-2-enoyl-CoA; (S)-Hydroxyoctadecanoyl-CoA; Hydrogen Ion","<a href=""http://www.smpdb.ca/view/SMP00482"" target=""_blank""><u>SMPDB</u></a>
","SMP00482"
"99","hMSEA6299","Warburg Effect","Biotin; Ammonia; Citric acid; D-Glucose; Fructose 6-phosphate; Fumaric acid; L-Glutamic acid; L-Malic acid; L-Lactic acid; Isocitric acid; Oxoglutaric acid; NADP; NADPH; Oxalacetic acid; Pyruvic acid; Succinic acid; Phosphoenolpyruvic acid; Adenosine triphosphate; Magnesium; Potassium; Hydrogen carbonate; D-Ribulose 5-phosphate; L-Glutamine; 3-Phosphoglyceric acid; Xylulose 5-phosphate; NAD; Lipoamide; Succinyl-CoA; Fructose 1,6-bisphosphate; D-Sedoheptulose 7-phosphate; Coenzyme Q10; D-Glyceraldehyde 3-phosphate; 6-Phosphonoglucono-D-lactone; FADH; Guanosine diphosphate; Acetyl-CoA; FAD; Glyceric acid 1,3-biphosphate; Guanosine triphosphate; 6-Phosphogluconic acid; D-Erythrose 4-phosphate; Manganese; ADP; Hydrogen; Thiamine pyrophosphate; Glucose 6-phosphate; Coenzyme A; Phosphate; Dihydroxyacetone phosphate; NADH; D-Ribose 5-phosphate; Carbon dioxide; Water; Phosphoric acid; 2-Phospho-D-glyceric acid; Beta-D-Glucose 6-phosphate; Hydrogen Ion; QH(2)","<a href=""http://www.smpdb.ca/view/SMP00654"" target=""_blank""><u>SMPDB</u></a>
","SMP00654"
"51","hMSEA6251","Methylhistidine Metabolism","L-Histidine; 3-Methylhistidine; S-Adenosylhomocysteine; S-Adenosylmethionine","<a href=""http://www.smpdb.ca/view/SMP00715"" target=""_blank""><u>SMPDB</u></a>
","SMP00715"
"89","hMSEA6289","Thyroid hormone synthesis","Iodotyrosine; L-Tyrosine; Thyroxine; Liothyronine; Calcium; Sodium; FAD; Water; Hydrogen peroxide; Heme; 3,5-Diiodo-L-tyrosine; 2-Aminoacrylic acid; Iodide","<a href=""http://www.smpdb.ca/view/SMP00716"" target=""_blank""><u>SMPDB</u></a>
","SMP00716"
"64","hMSEA6264","Phosphatidylcholine Biosynthesis","Cytidine triphosphate; Cytidine monophosphate; Choline; Ethanolamine; O-Phosphoethanolamine; Pyrophosphate; Adenosine triphosphate; S-Adenosylhomocysteine; S-Adenosylmethionine; ADP; CDP-Ethanolamine; Phosphorylcholine; Carbon dioxide; Hydrogen Ion","<a href=""http://www.smpdb.ca/view/SMP14212"" target=""_blank""><u>SMPDB</u></a>
","SMP14212"
"23","hMSEA6223","De Novo Triacylglycerol Biosynthesis","Glycerol 3-phosphate; Magnesium; NAD; Coenzyme A; Phosphate; Dihydroxyacetone phosphate; NADH; Water; Hydrogen Ion","<a href=""http://www.smpdb.ca/view/SMP15896"" target=""_blank""><u>SMPDB</u></a>
","SMP15896"
"17","hMSEA6217","Cardiolipin Biosynthesis","Cytidine triphosphate; Cytidine monophosphate; Glycerol 3-phosphate; Pyrophosphate; NAD; Coenzyme A; Phosphate; Dihydroxyacetone phosphate; NADH; Water; Hydrogen Ion","<a href=""http://www.smpdb.ca/view/SMP20986"" target=""_blank""><u>SMPDB</u></a>
","SMP20986"
"65","hMSEA6265","Phosphatidylethanolamine Biosynthesis","Cytidine triphosphate; Cytidine monophosphate; Choline; Ethanolamine; L-Serine; O-Phosphoethanolamine; Pyrophosphate; Adenosine triphosphate; ADP; CDP-Ethanolamine; Carbon dioxide; Hydrogen Ion","<a href=""http://www.smpdb.ca/view/SMP29731"" target=""_blank""><u>SMPDB</u></a>
","SMP29731"
"6","hMSEA6206","Androstenedione Metabolism","Androsterone; Androstenedione; Formic acid; Estrone; NADP; NADPH; Testosterone; Uridine 5'-diphosphate; Etiocholanolone; Androstanedione; NAD; Uridine diphosphate glucuronic acid; Oxygen; NADH; Water; Androsterone glucuronide; Heme; Etiocholanedione; 19-Hydroxyandrost-4-ene-3,17-dione; Etiocholanolone glucuronide; 19-Oxoandrost-4-ene-3,17-dione; Adrenosterone; 11b-Hydroxyandrost-4-ene-3,17-dione; Hydrogen Ion","<a href=""http://www.smpdb.ca/view/SMP30406"" target=""_blank""><u>SMPDB</u></a>
","SMP30406"
"25","hMSEA6225","Estrone Metabolism","2-Methoxyestrone; Adenosine 3',5'-diphosphate; Estrone; Estradiol; Estriol; NADP; NADPH; Uridine 5'-diphosphate; 16a-Hydroxyestrone; 2-Hydroxyestrone; Magnesium; NAD; Uridine diphosphate glucuronic acid; S-Adenosylhomocysteine; Phosphoadenosine phosphosulfate; S-Adenosylmethionine; Oxygen; Estrone sulfate; NADH; Water; Heme; 2-Methoxyestrone 3-glucuronide; Estrone glucuronide; Hydrogen Ion","<a href=""http://www.smpdb.ca/view/SMP30880"" target=""_blank""><u>SMPDB</u></a>
","SMP30880"
